First Name,Last Name,Age,Gender
Terry,Medhurst,50,male
Sheldon,Quigley,28,male
Terrill,Hills,38,male
Miles,Cummerata,49,male
Mavis,Schultz,38,male
Alison,Reichert,21,female
Oleta,Abbott,31,female
Ewell,Mueller,29,male
Demetrius,Corkery,22,male
Eleanora,Price,37,female
Marcel,Jones,39,male
Assunta,Rath,42,female
Trace,Douglas,26,male
Enoch,Lynch,21,male
Jeanne,Halvorson,26,female
Trycia,Fadel,41,female
Bradford,Prohaska,43,male
Arely,Skiles,42,male
Gust,Purdy,46,male
Lenna,Renner,41,female
Doyle,Ernser,23,male
Tressa,Weber,41,female
Felicity,O'Reilly,46,female
Jocelyn,Schuster,19,male
Edwina,Ernser,21,female
Griffin,Braun,35,male
Piper,Schowalter,47,female
Kody,Terry,28,male
Macy,Greenfelder,45,female
Maurine,Stracke,31,female
